{
    "北京市": [116.405285, 39.904989],
    "上海市": [121.472644, 31.231706],
    "广州市": [113.280637, 23.125178],
    "深圳市": [114.085947, 22.547],
    "东莞市": [113.746262, 23.046237],
    "杭州市": [120.153576, 30.287459],
    "宁波市": [121.549792, 29.868388],
    "温州市": [120.672111, 28.000575],
    "苏州市": [120.619585, 31.299379],
    "南京市": [118.79647, 32.05838],
    "无锡市": [120.28429, 31.52853],
    "成都市": [104.065735, 30.659462],
    "重庆市": [106.504962, 29.533155],
    "武汉市": [114.305215, 30.592849],
    "西安市": [108.948024, 34.263161]
}